BGA;Plastic Grid Array;432;Download
;;;
BGA;Plastic Grid Array;208;Download
;;;
BGA;Plastic Grid Array;272;Download
;;;
BGA;Plastic Grid Array;256;Download
;;;
BGA;Plastic Grid Array;352;Download
;;;
BGA;Plastic Grid Array;432;Download
;;;
BGA;Plastic Grid Array;420;Download
;;;
BGA;Plastic Grid Array;484;Download
;;;
BGA;Plastic Grid Array;420;Download
;;;
BGA;Plastic Grid Array;96;Download
;;;
BGA;Plastic Grid Array;385;Download
;;;
BGA;Plastic Grid Array;484;Download
;;;
BGA;Plastic Grid Array;376;Download
;;;
BGA;Plastic Grid Array;64;Download
;;;
BGA;Plastic Grid Array;272;Download
;;;
BGA;Plastic Grid Array;376;Download
;;;
BGA;Plastic Grid Array;196;Download
;;;
BGA;Plastic Grid Array;289;Download
;;;
BGA;Plastic Grid Array;343;Download
;;;
BGA;Plastic Grid Array;385;Download
;;;
BGA;Plastic Grid Array;544;Download
;;;
BGA;Plastic Grid Array;256;Download
;;;
BGA;Plastic Grid Array;376;Download
;;;
BGA;Plastic Grid Array;420;Download
;;;
BGA;Plastic Grid Array;324;Download
;;;
BGA;Plastic Grid Array;256;Download
;;;
BGA;Plastic Grid Array;484;Download
;;;
BGA;Plastic Grid Array;780;Download
;;;
BGA;Plastic Grid Array;292;Download
;;;
BGA;Plastic Grid Array;452;Download
;;;
BGA;Plastic Grid Array;225;Download
;;;
BGA;Plastic Grid Array;352;Download
;;;
BGA;Plastic Grid Array;600;Download
;;;
BGA;Plastic Grid Array;792;Download
;;;
BGA;Plastic Grid Array;896;Download
;;;
BGA;Plastic Grid Array;419;Download
;;;
BGA;Plastic Grid Array;388;Download
;;;
BGA;Plastic Grid Array;388;Download
;;;
BGA;Plastic Grid Array;352;Download
;;;
BGA;Plastic Grid Array;352;Download
;;;
BGA;Plastic Grid Array;672;Download
;;;
BGA;Plastic Grid Array;272;Download
;;;
BGA;Plastic Grid Array;600;Download
;;;
BGA;Plastic Grid Array;480;Download
;;;
BGA;Plastic Grid Array;432;Download
;;;
BGA;Plastic Grid Array;352;Download
;;;
BGA;Plastic Grid Array;176;Download
;;;
BGA;Plastic Grid Array;252;Download
;;;
BGA;Plastic Grid Array;600;Download
;;;
BGA;Plastic Grid Array;272;Download
;;;
BGA;Plastic Grid Array;484;Download
;;;
BGA;Plastic Grid Array;196;Download
;;;
BGA;Plastic Grid Array;520;Download
;;;
BGA;Plastic Grid Array;420;Download
;;;
BGA;Plastic Grid Array;484;Download
;;;
BGA;Plastic Grid Array;169;Download
;;;
BGA;Plastic Grid Array;313;Download
;;;
BGA;Plastic Grid Array;292;Download
;;;
BGA;Plastic Grid Array;672;Download
;;;
BGA;Plastic Grid Array;276;Download
;;;
BGA;Plastic Grid Array;352;Download
;;;
BGA;Plastic Grid Array;516;Download
;;;
BGA;Plastic Grid Array;144;Download
;;;
BGA;Plastic Grid Array;256;Download
;;;
BGA;Plastic Grid Array;196;Download
;;;
BGA;Plastic Grid Array;324;Download
;;;
BGA;Plastic Grid Array;484;Download
;;;
BGA;Plastic Grid Array;256;Download
;;;
BGA;Plastic Grid Array;289;Download
;;;
BGA;Plastic Grid Array;520;Download
;;;
BGA;Plastic Grid Array;289;Download
;;;
BGA;Plastic Grid Array;672;Download
;;;
BGA;Plastic Grid Array;324;Download
;;;
BGA;Plastic Grid Array;252;Download
;;;
BGA;Plastic Grid Array;680;Download
;;;
BGA;Plastic Grid Array;305;Download
;;;
BGA;Plastic Grid Array;388;Download
;;;
BGA;Plastic Grid Array;376;Download
;;;
BGA;Plastic Grid Array;420;Download
;;;
BGA;Plastic Grid Array;560;Download
;;;
BGA;Plastic Grid Array;352;Download
;;;
BGA;Plastic Grid Array;256;Download
;;;
BGA;Plastic Grid Array;352;Download
;;;
BGA;Plastic Grid Array;600;Download
;;;
BGA;Plastic Grid Array;352;Download
;;;
BGA;Plastic Grid Array;484;Download
;;;
BGA;Plastic Grid Array;176;Download
;;;
BGA;Plastic Grid Array;324;Download
;;;
BGA;Plastic Grid Array;100;Download
;;;
BGA;Plastic Grid Array;484;Download
;;;
BGA;Plastic Grid Array;324;Download
;;;
BGA;Plastic Grid Array;256;Download
;;;
BGA;Plastic Grid Array;432;Download
;;;
BGA;Plastic Grid Array;340;Download
;;;
BGA;Plastic Grid Array;388;Download
;;;
BGA;Plastic Grid Array;288;Download
;;;
BGA;Plastic Grid Array;324;Download
;;;
BGA;Plastic Grid Array;16;Download
;;;
BGA;Plastic Grid Array;25;Download
;;;
BGA;Plastic Grid Array;560;Download
;;;
BGA;Plastic Grid Array;160;Download
;;;
BGA;Plastic Grid Array;256;Download
;;;
BGA;Plastic Grid Array;520;Download
;;;
BGA;Plastic Grid Array;324;Download
;;;
BGA;Plastic Grid Array;484;Download
;;;
BGA;Plastic Grid Array;376;Download
;;;
BGA;Plastic Grid Array;289;Download
;;;
BGA;Plastic Grid Array;289;Download
;;;
BGA;Plastic Grid Array;256;Download
;;;
BGA;Plastic Grid Array;484;Download
;;;
BGA;Plastic Grid Array;420;Download
;;;
BGA;Plastic Grid Array;352;Download
;;;
BGA;Plastic Grid Array;676;Download
;;;
BGA;Plastic Grid Array;496;Download
;;;
BGA;Plastic Grid Array;143;Download
;;;
BGA;Plastic Grid Array;316;Download
;;;
BGA;Plastic Grid Array;352;Download
;;;
BGA;Plastic Grid Array;352;Download
;;;
BGA;Plastic Grid Array;432;Download
;;;
BGA;Plastic Grid Array;520;Download
;;;
BGA;Plastic Grid Array;520;Download
;;;
BGA;Plastic Grid Array;288;Download
;;;
BGA;Plastic Grid Array;456;Download
;;;
BGA;Plastic Grid Array;289;Download
;;;
BGA;Plastic Grid Array;289;Download
;;;
BGA;Plastic Grid Array;208;Download
;;;
BGA;Plastic Grid Array;256;Download
;;;
BGA;Plastic Grid Array;388;Download
;;;
BGA;Plastic Grid Array;484;Download
;;;
BGA;Plastic Grid Array;256;Download
;;;
BGA;Plastic Grid Array;520;Download
;;;
BGA MICROSTAR;Plastic Grid Array;205;Download
;;;
BGA MICROSTAR;Plastic Grid Array;128;Download
;;;
BGA MICROSTAR;Plastic Grid Array;144;Download
;;;
BGA MICROSTAR;Plastic Grid Array;151;Download
;;;
BGA MICROSTAR;Plastic Grid Array;257;Download
;;;
BGA MICROSTAR;Plastic Grid Array;241;Download
;;;
BGA MICROSTAR;Plastic Grid Array;173;Download
;;;
BGA MICROSTAR;Plastic Grid Array;257;Download
;;;
BGA MICROSTAR;Plastic Grid Array;173;Download
;;;
BGA MICROSTAR;Plastic Grid Array;306;Download
;;;
BGA MICROSTAR;Plastic Grid Array;151;Download
;;;
BGA MICROSTAR;Plastic Grid Array;176;Download
;;;
BGA MICROSTAR;Plastic Grid Array;201;Download
;;;
BGA MICROSTAR;Plastic Grid Array;241;Download
;;;
BGA MICROSTAR;Plastic Grid Array;175;Download
;;;
BGA MICROSTAR;Plastic Grid Array;209;Download
;;;
BGA MICROSTAR;Plastic Grid Array;208;Download
;;;
BGA MICROSTAR;Plastic Grid Array;79;Download
;;;
BGA MICROSTAR;Plastic Grid Array;209;Download
;;;
BGA MICROSTAR;Plastic Grid Array;306;Download
;;;
BGA MICROSTAR;Plastic Grid Array;169;Download
;;;
BGA MICROSTAR;Plastic Grid Array;63;Download
;;;
BGA MICROSTAR;Plastic Grid Array;176;Download
;;;
BGA MICROSTAR;Plastic Grid Array;257;Download
;;;
BGA MICROSTAR;Plastic Grid Array;176;Download
;;;
BGA MICROSTAR;Plastic Grid Array;124;Download
;;;
BGA MICROSTAR;Plastic Grid Array;257;Download
;;;
BGA MICROSTAR;Plastic Grid Array;241;Download
;;;
BGA MICROSTAR;Plastic Grid Array;201;Download
;;;
BGA MICROSTAR;Plastic Grid Array;100;Download
;;;
BGA MICROSTAR;Plastic Grid Array;181;Download
;;;
BGA MICROSTAR;Plastic Grid Array;257;Download
;;;
BGA MICROSTAR;Plastic Grid Array;181;Download
;;;
BGA MICROSTAR;Plastic Grid Array;196;Download
;;;
BGA MICROSTAR;Plastic Grid Array;291;Download
;;;
BGA MICROSTAR;Plastic Grid Array;289;Download
;;;
BGA MICROSTAR;Plastic Grid Array;96;Download
;;;
BGA MICROSTAR;Plastic Grid Array;114;Download
;;;
BGA MICROSTAR;Plastic Grid Array;289;Download
;;;
BGA MICROSTAR;Plastic Grid Array;114;Download
;;;
BGA MICROSTAR;Plastic Grid Array;62;Download
;;;
BGA MICROSTAR;Plastic Grid Array;100;Download
;;;
BGA MICROSTAR;Plastic Grid Array;169;Download
;;;
BGA MICROSTAR;Plastic Grid Array;201;Download
;;;
BGA MICROSTAR;Plastic Grid Array;209;Download
;;;
BGA MICROSTAR;Plastic Grid Array;256;Download
;;;
BGA MICROSTAR;Plastic Grid Array;84;Download
;;;
BGA MICROSTAR;Plastic Grid Array;291;Download
;;;
BGA MICROSTAR;Plastic Grid Array;205;Download
;;;
BGA MICROSTAR;Plastic Grid Array;208;Download
;;;
BGA MICROSTAR;Plastic Grid Array;240;Download
;;;
BGA MICROSTAR;Plastic Grid Array;144;Download
;;;
BGA MICROSTAR;Plastic Grid Array;64;Download
;;;
BGA MICROSTAR;Plastic Grid Array;240;Download
;;;
BGA MICROSTAR;Plastic Grid Array;256;Download
;;;
BGA MICROSTAR;Plastic Grid Array;209;Download
;;;
BGA MICROSTAR;Plastic Grid Array;100;Download
;;;
BGA MICROSTAR;Plastic Grid Array;179;Download
;;;
BGA MICROSTAR;Plastic Grid Array;181;Download
;;;
BGA MICROSTAR;Plastic Grid Array;257;Download
;;;
BGA MICROSTAR;Plastic Grid Array;144;Download
;;;
BGA MICROSTAR;Plastic Grid Array;100;Download
;;;
BGA MICROSTAR;Plastic Grid Array;64;Download
;;;
BGA MICROSTAR;Plastic Grid Array;196;Download
;;;
BGA MICROSTAR;Plastic Grid Array;201;Download
;;;
BGA MICROSTAR;Plastic Grid Array;163;Download
;;;
BGA MICROSTAR;Plastic Grid Array;96;Download
;;;
BGA MICROSTAR;Plastic Grid Array;288;Download
;;;
BGA MICROSTAR;Plastic Grid Array;64;Download
;;;
BGA MICROSTAR;Plastic Grid Array;201;Download
;;;
BGA MICROSTAR;Plastic Grid Array;144;Download
;;;
BGA MICROSTAR;Plastic Grid Array;100;Download
;;;
BGA MICROSTAR;Plastic Grid Array;80;Download
;;;
BGA MICROSTAR;Plastic Grid Array;179;Download
;;;
BGA MICROSTAR;Plastic Grid Array;288;Download
;;;
BGA MICROSTAR JUNIOR;Plastic Grid Array;80;Download
;;;
BGA MICROSTAR JUNIOR;Plastic Grid Array;12;Download
;;;
BGA MICROSTAR JUNIOR;Plastic Grid Array;48;Download
;;;
BGA MICROSTAR JUNIOR;Plastic Grid Array;109;Download
;;;
BGA MICROSTAR JUNIOR;Plastic Grid Array;120;Download
;;;
BGA MICROSTAR JUNIOR;Plastic Grid Array;48;Download
;;;
BGA MICROSTAR JUNIOR;Plastic Grid Array;52;Download
;;;
BGA MICROSTAR JUNIOR;Plastic Grid Array;195;Download
;;;
BGA MICROSTAR JUNIOR;Plastic Grid Array;120;Download
;;;
BGA MICROSTAR JUNIOR;Plastic Grid Array;56;Download
;;;
BGA MICROSTAR JUNIOR;Plastic Grid Array;15;Download
;;;
BGA MICROSTAR JUNIOR;Plastic Grid Array;96;Download
;;;
BGA MICROSTAR JUNIOR;Plastic Grid Array;36;Download
;;;
BGA MICROSTAR JUNIOR;Plastic Grid Array;52;Download
;;;
BGA MICROSTAR JUNIOR;Plastic Grid Array;24;Download
;;;
BGA MICROSTAR JUNIOR;Plastic Grid Array;113;Download
;;;
BGA MICROSTAR JUNIOR;Plastic Grid Array;54;Download
;;;
BGA MICROSTAR JUNIOR;Plastic Grid Array;63;Download
;;;
BGA MICROSTAR JUNIOR;Plastic Grid Array;63;Download
;;;
BGA MICROSTAR JUNIOR;Plastic Grid Array;83;Download
;;;
BGA MICROSTAR JUNIOR;Plastic Grid Array;24;Download
;;;
BGA MICROSTAR JUNIOR;Plastic Grid Array;55;Download
;;;
BGA MICROSTAR JUNIOR;Plastic Grid Array;64;Download
;;;
BGA MICROSTAR JUNIOR;Plastic Grid Array;20;Download
;;;
BGA MICROSTAR JUNIOR;Plastic Grid Array;113;Download
;;;
BGA MICROSTAR JUNIOR;Plastic Grid Array;54;Download
;;;
BGA MICROSTAR JUNIOR;Plastic Grid Array;8;Download
;;;
BGA MICROSTAR JUNIOR;Plastic Grid Array;12;Download
;;;
BGA MICROSTAR JUNIOR;Plastic Grid Array;96;Download
;;;
BGA MICROSTAR JUNIOR;Plastic Grid Array;71;Download
;;;
BGA MICROSTAR JUNIOR;Plastic Grid Array;56;Download
;;;
BGA MICROSTAR JUNIOR;Plastic Grid Array;59;Download
;;;
BGA MICROSTAR JUNIOR;Plastic Grid Array;20;Download
;;;
BGA MICROSTAR JUNIOR;Plastic Grid Array;103;Download
;;;
BGA MICROSTAR JUNIOR;Plastic Grid Array;8;Download
;;;
BGA MICROSTAR JUNIOR;Plastic Grid Array;50;Download
;;;
BGA MICROSTAR JUNIOR;Plastic Grid Array;63;Download
;;;
BGA MICROSTAR JUNIOR;Plastic Grid Array;120;Download
;;;
BGA MICROSTAR JUNIOR;Plastic Grid Array;20;Download
;;;
BGA MICROSTAR JUNIOR;Plastic Grid Array;157;Download
;;;
BGA MICROSTAR JUNIOR;Plastic Grid Array;80;Download
;;;
BGA MICROSTAR JUNIOR;Plastic Grid Array;64;Download
;;;
BGA MICROSTAR JUNIOR;Plastic Grid Array;109;Download
;;;
BGA MICROSTAR JUNIOR;Plastic Grid Array;48;Download
;;;
BGA MICROSTAR JUNIOR;Plastic Grid Array;98;Download
;;;
BGA MICROSTAR JUNIOR;Plastic Grid Array;83;Download
;;;
BGA MICROSTAR JUNIOR;Plastic Grid Array;20;Download
;;;
BGA MICROSTAR JUNIOR;Plastic Grid Array;143;Download
;;;
BGA MICROSTAR JUNIOR;Plastic Grid Array;100;Download
;;;
BGA MICROSTAR JUNIOR;Plastic Grid Array;143;Download
;;;
BGA MICROSTAR JUNIOR;Plastic Grid Array;63;Download
;;;
BGA MICROSTAR JUNIOR;Plastic Grid Array;95;Download
;;;
BGA MICROSTAR JUNIOR;Plastic Grid Array;120;Download
;;;
BGA MICROSTAR JUNIOR;Plastic Grid Array;15;Download
;;;
CBGA;Ceramic, Metal Grid Array;144;Download
;;;
CBGA;Ceramic, Metal Grid Array;567;Download
;;;
CBGA;Ceramic, Metal Grid Array;192;Download
;;;
CFCBGA;Ceramic, Metal Grid Array;2401;Download
;;;
CFCBGA;Ceramic, Metal Grid Array;429;Download
;;;
csBGA;Plastic Grid Array;25;Download
;;;
csBGA;Plastic Grid Array;36;Download
;;;
csBGA;Plastic Grid Array;49;Download
;;;
FC/CSP;Plastic Grid Array;423;Download
;;;
FC/CSP;Plastic Grid Array;295;Download
;;;
FC/CSP;Plastic Grid Array;532;Download
;;;
FC/CSP;Plastic Grid Array;384;Download
;;;
FC/CSP;Plastic Grid Array;168;Download
;;;
FC/CSP;Plastic Grid Array;169;Download
;;;
FC/CSP;Plastic Grid Array;169;Download
;;;
FC/CSP;Plastic Grid Array;532;Download
;;;
FC/CSP;Plastic Grid Array;548;Download
;;;
FCBGA;Plastic Grid Array;1432;Download
;;;
FCBGA;Plastic Grid Array;1056;Download
;;;
FCBGA;Plastic Grid Array;432;Download
;;;
FCBGA;Plastic Grid Array;768;Download
;;;
FCBGA;Plastic Grid Array;1657;Download
;;;
FCBGA;Plastic Grid Array;480;Download
;;;
FCBGA;Ceramic, Metal Grid Array;676;Download
;;;
FCBGA;Plastic Grid Array;361;Download
;;;
FCBGA;Plastic Grid Array;2377;Download
;;;
FCBGA;Plastic Grid Array;737;Download
;;;
FCBGA;Plastic Grid Array;480;Download
;;;
FCBGA;Plastic Grid Array;529;Download
;;;
FCBGA;Plastic Grid Array;580;Download
;;;
FCBGA;Plastic Grid Array;516;Download
;;;
FCBGA;Plastic Grid Array;480;Download
;;;
FCBGA;Plastic Grid Array;768;Download
;;;
FCBGA;Plastic Grid Array;672;Download
;;;
FCBGA;Plastic Grid Array;1497;Download
;;;
FCBGA;Plastic Grid Array;352;Download
;;;
FCBGA;Plastic Grid Array;676;Download
;;;
FCBGA;Ceramic, Metal Grid Array;1936;Download
;;;
FCBGA;Ceramic, Metal Grid Array;2116;Download
;;;
FCBGA;Plastic Grid Array;480;Download
;;;
FCBGA;Plastic Grid Array;697;Download
;;;
FCBGA;Plastic Grid Array;532;Download
;;;
FCBGA;Plastic Grid Array;225;Download
;;;
FCBGA;Ceramic, Metal Grid Array;256;Download
;;;
FCBGA;Plastic Grid Array;760;Download
;;;
FCBGA;Plastic Grid Array;256;Download
;;;
FCBGA;Plastic Grid Array;420;Download
;;;
FCBGA;Plastic Grid Array;600;Download
;;;
FCBGA;Plastic Grid Array;768;Download
;;;
FCBGA;Plastic Grid Array;352;Download
;;;
FCBGA;Plastic Grid Array;520;Download
;;;
FCBGA;Plastic Grid Array;580;Download
;;;
FCBGA;Ceramic, Metal Grid Array;400;Download
;;;
FCBGA;Ceramic, Metal Grid Array;1521;Download
;;;
FCBGA;Plastic Grid Array;900;Download
;;;
FCBGA;Ceramic, Metal Grid Array;520;Download
;;;
FCBGA;Plastic Grid Array;288;Download
;;;
FCBGA;Plastic Grid Array;532;Download
;;;
FCBGA;Plastic Grid Array;697;Download
;;;
FCBGA;Plastic Grid Array;352;Download
;;;
FCBGA;Plastic Grid Array;561;Download
;;;
FCBGA;Plastic Grid Array;1031;Download
;;;
FCBGA;Plastic Grid Array;1657;Download
;;;
FCBGA;Plastic Grid Array;352;Download
;;;
FCBGA;Plastic Grid Array;420;Download
;;;
FCBGA;Plastic Grid Array;600;Download
;;;
FCBGA;Plastic Grid Array;384;Download
;;;
FCBGA;Plastic Grid Array;1497;Download
;;;
FCBGA;Plastic Grid Array;420;Download
;;;
FCBGA;Ceramic, Metal Grid Array;1156;Download
;;;
FCBGA;Ceramic, Metal Grid Array;1521;Download
;;;
FCBGA;Ceramic, Metal Grid Array;1521;Download
;;;
FCBGA;Plastic Grid Array;787;Download
;;;
FCBGA;Plastic Grid Array;352;Download
;;;
FCBGA;Plastic Grid Array;480;Download
;;;
FCBGA;Plastic Grid Array;676;Download
;;;
FCBGA;Plastic Grid Array;1657;Download
;;;
FCBGA;Plastic Grid Array;561;Download
;;;
FCBGA;Plastic Grid Array;144;Download
;;;
FCBGA;Plastic Grid Array;1156;Download
;;;
FCBGA;Plastic Grid Array;256;Download
;;;
FCBGA;Plastic Grid Array;836;Download
;;;
FCBGA;Plastic Grid Array;787;Download
;;;
FCBGA;Plastic Grid Array;420;Download
;;;
FCBGA;Plastic Grid Array;480;Download
;;;
FCBGA;Plastic Grid Array;736;Download
;;;
FCBGA;Plastic Grid Array;672;Download
;;;
FCBGA;Plastic Grid Array;1056;Download
;;;
FCBGA;Plastic Grid Array;1156;Download
;;;
FCBGA;Ceramic, Metal Grid Array;1681;Download
;;;
FCBGA;Plastic Grid Array;900;Download
;;;
FCBGA;Plastic Grid Array;548;Download
;;;
FCBGA;Plastic Grid Array;737;Download
;;;
FCBGA;Plastic Grid Array;548;Download
;;;
FCBGA;Plastic Grid Array;529;Download
;;;
FCBGA;Plastic Grid Array;684;Download
;;;
FCBGA;Plastic Grid Array;324;Download
;;;
FCBGA;Plastic Grid Array;144;Download
;;;
FCBGA;Plastic Grid Array;760;Download
;;;
FCBGA;Plastic Grid Array;672;Download
;;;
FCBGA;Plastic Grid Array;516;Download
;;;
FCBGA;Plastic Grid Array;1216;Download
;;;
FCBGA;Plastic Grid Array;872;Download
;;;
FCBGA;Plastic Grid Array;736;Download
;;;
FCBGA;Plastic Grid Array;768;Download
;;;
FCBGA;Plastic Grid Array;872;Download
;;;
FCBGA;Plastic Grid Array;1432;Download
;;;
FCBGA;Ceramic, Metal Grid Array;1521;Download
;;;
FCBGA;Ceramic, Metal Grid Array;1680;Download
;;;
FCBGA;Plastic Grid Array;520;Download
;;;
FCBGA;Plastic Grid Array;480;Download
;;;
FCBGA;Plastic Grid Array;587;Download
;;;
FCBGA;Plastic Grid Array;432;Download
;;;
FCBGA;Plastic Grid Array;532;Download
;;;
FCBGA;Plastic Grid Array;548;Download
;;;
FCBGA;Plastic Grid Array;672;Download
;;;
FCBGA;Plastic Grid Array;1284;Download
;;;
FCBGA;Ceramic, Metal Grid Array;1456;Download
;;;
FCBGA;Plastic Grid Array;600;Download
;;;
FCBGA;Plastic Grid Array;1216;Download
;;;
FCBGA;Plastic Grid Array;480;Download
;;;
FCBGA;Plastic Grid Array;400;Download
;;;
FCBGA;Plastic Grid Array;1284;Download
;;;
FCBGA;Plastic Grid Array;1284;Download
;;;
FCBGA;Plastic Grid Array;288;Download
;;;
FCBGA;Plastic Grid Array;676;Download
;;;
FCBGA;Plastic Grid Array;672;Download
;;;
FCBGA;Plastic Grid Array;196;Download
;;;
FCBGA;Plastic Grid Array;352;Download
;;;
FCBGA;Plastic Grid Array;520;Download
;;;
FCBGA;Plastic Grid Array;532;Download
;;;
NFBGA;Plastic Grid Array;87;Download
;;;
NFBGA;Plastic Grid Array;176;Download
;;;
NFBGA;Plastic Grid Array;241;Download
;;;
NFBGA;Plastic Grid Array;337;Download
;;;
NFBGA;Plastic Grid Array;289;Download
;;;
NFBGA;Plastic Grid Array;325;Download
;;;
NFBGA;Plastic Grid Array;361;Download
;;;
NFBGA;Plastic Grid Array;64;Download
;;;
NFBGA;Plastic Grid Array;48;Download
;;;
NFBGA;Plastic Grid Array;176;Download
;;;
NFBGA;Plastic Grid Array;196;Download
;;;
NFBGA;Plastic Grid Array;144;Download
;;;
NFBGA;Plastic Grid Array;289;Download
;;;
NFBGA;Plastic Grid Array;253;Download
;;;
NFBGA;Plastic Grid Array;376;Download
;;;
NFBGA;Plastic Grid Array;289;Download
;;;
NFBGA;Plastic Grid Array;337;Download
;;;
NFBGA;Plastic Grid Array;196;Download
;;;
NFBGA;Plastic Grid Array;49;Download
;;;
NFBGA;Plastic Grid Array;224;Download
;;;
NFBGA;Plastic Grid Array;208;Download
;;;
NFBGA;Plastic Grid Array;216;Download
;;;
NFBGA;Plastic Grid Array;354;Download
;;;
NFBGA;Plastic Grid Array;318;Download
;;;
NFBGA;Plastic Grid Array;293;Download
;;;
NFBGA;Plastic Grid Array;325;Download
;;;
NFBGA;Plastic Grid Array;241;Download
;;;
NFBGA;Plastic Grid Array;144;Download
;;;
NFBGA;Plastic Grid Array;289;Download
;;;
NFBGA;Plastic Grid Array;160;Download
;;;
NFBGA;Plastic Grid Array;338;Download
;;;
NFBGA;Plastic Grid Array;196;Download
;;;
NFBGA;Plastic Grid Array;139;Download
;;;
NFBGA;Plastic Grid Array;49;Download
;;;
NFBGA;Plastic Grid Array;128;Download
;;;
NFBGA;Plastic Grid Array;318;Download
;;;
NFBGA;Plastic Grid Array;72;Download
;;;
NFBGA;Plastic Grid Array;424;Download
;;;
NFBGA;Plastic Grid Array;361;Download
;;;
NFBGA;Plastic Grid Array;159;Download
;;;
NFBGA;Plastic Grid Array;167;Download
;;;
NFBGA;Plastic Grid Array;192;Download
;;;
NFBGA;Plastic Grid Array;25;Download
;;;
NFBGA;Plastic Grid Array;201;Download
;;;
NFBGA;Plastic Grid Array;169;Download
;;;
NFBGA;Plastic Grid Array;159;Download
;;;
NFBGA;Plastic Grid Array;175;Download
;;;
NFBGA;Plastic Grid Array;135;Download
;;;
NFBGA;Plastic Grid Array;48;Download
;;;
NFBGA;Plastic Grid Array;289;Download
;;;
NFBGA;Plastic Grid Array;361;Download
;;;
NFBGA;Plastic Grid Array;64;Download
;;;
NFBGA;Plastic Grid Array;168;Download
;;;
NFBGA;Plastic Grid Array;144;Download
;;;
NFBGA;Plastic Grid Array;87;Download
;;;
NFBGA;Plastic Grid Array;113;Download
;;;
NFBGA;Plastic Grid Array;337;Download
;;;
NFBGA;Plastic Grid Array;176;Download
;;;
NFBGA;Plastic Grid Array;491;Download
;;;
NFBGA;Plastic Grid Array;64;Download
;;;
NFBGA;Plastic Grid Array;128;Download
;;;
NFBGA;Plastic Grid Array;144;Download
;;;
NFBGA;Plastic Grid Array;100;Download
;;;
NFBGA;Plastic Grid Array;256;Download
;;;
NFBGA;Plastic Grid Array;176;Download
;;;
NFBGA;Plastic Grid Array;60;Download
;;;
NFBGA;Plastic Grid Array;160;Download
;;;
NFBGA;Plastic Grid Array;168;Download
;;;
NFBGA;Plastic Grid Array;325;Download
;;;
NFBGA;Plastic Grid Array;289;Download
;;;
NFBGA;Plastic Grid Array;350;Download
;;;
NFBGA;Plastic Grid Array;176;Download
;;;
NFBGA;Plastic Grid Array;209;Download
;;;
NFBGA;Plastic Grid Array;96;Download
;;;
NFBGA;Plastic Grid Array;289;Download
;;;
NFBGA;Plastic Grid Array;216;Download
;;;
NFBGA;Plastic Grid Array;225;Download
;;;
NFBGA;Plastic Grid Array;72;Download
;;;
NFBGA;Plastic Grid Array;337;Download
;;;
NFBGA;Plastic Grid Array;100;Download
;;;
NFBGA;Plastic Grid Array;167;Download
;;;
NFBGA;Plastic Grid Array;293;Download
;;;
NFBGA;Plastic Grid Array;354;Download
;;;
NFBGA;Plastic Grid Array;87;Download
;;;
POP-BGA;Plastic Grid Array;360;Download
;;;
POP-BGA;Plastic Grid Array;343;Download
;;;
POP-BGA;Plastic Grid Array;401;Download
;;;
POP-FCBGA;Plastic Grid Array;980;Download
;;;
POP-FCBGA;Plastic Grid Array;515;Download
;;;
POP-FCBGA;Plastic Grid Array;401;Download
;;;
POP-FCBGA;Plastic Grid Array;450;Download
;;;
POP-FCBGA;Plastic Grid Array;547;Download
;;;
POP-FCBGA;Plastic Grid Array;547;Download
;;;
POP-FCBGA;Plastic Grid Array;515;Download
;;;
POP-FCBGA;Plastic Grid Array;515;Download
;;;
POP-FCBGA;Plastic Grid Array;547;Download
;;;
POP-FCBGA;Plastic Grid Array;547;Download
;;;
