CFP;Ceramic, Metal Flat Pack;14;Download
;;;
CFP;Ceramic, Metal Flat Pack;132;Download
;;;
CFP;Ceramic, Metal Flat Pack;132;Download
;;;
CFP;Ceramic, Metal Flat Pack;76;Download
;;;
CFP;Ceramic, Metal Flat Pack;24;Download
;;;
CFP;Ceramic, Metal Flat Pack;256;Download
;;;
CFP;Ceramic, Metal Flat Pack;20;Download
;;;
CFP;Ceramic, Metal Flat Pack;320;Download
;;;
CFP;Ceramic, Metal Flat Pack;84;Download
;;;
CFP;Ceramic, Glass Flat Pack;16;Download
;;;
CFP;Ceramic, Metal Flat Pack;68;Download
;;;
CFP;Ceramic, Metal Flat Pack;20;Download
;;;
CFP;Ceramic, Metal Flat Pack;48;Download
;;;
CFP;Ceramic, Glass Flat Pack;100;Download
;;;
CFP;Ceramic, Metal In-Line;30;Download
;;;
CFP;Ceramic, Metal Flat Pack;84;Download
;;;
CFP;Ceramic, Metal Flat Pack;16;Download
;;;
CFP;Ceramic, Metal Flat Pack;10;Download
;;;
CFP;Ceramic, Metal Flat Pack;8;Download
;;;
CFP;Ceramic, Metal Flat Pack;132;Download
;;;
CFP;Ceramic, Glass Flat Pack;14;Download
;;;
CFP;Ceramic, Glass Flat Pack;10;Download
;;;
CFP;Ceramic, Metal Flat Pack;8;Download
;;;
CFP;Ceramic, Metal Flat Pack;14;Download
;;;
CFP;Ceramic, Metal Flat Pack;100;Download
;;;
CFP;Ceramic, Metal Flat Pack;288;Download
;;;
CFP;Ceramic, Metal Flat Pack;352;Download
;;;
CFP;Ceramic, Glass Flat Pack;68;Download
;;;
CFP;Ceramic, Glass Flat Pack;20;Download
;;;
CFP;Ceramic, Metal Flat Pack;20;Download
;;;
CFP;Ceramic, Metal Flat Pack;16;Download
;;;
CFP;Ceramic, Metal Flat Pack;16;Download
;;;
CFP;Ceramic, Metal Flat Pack;196;Download
;;;
CFP;Ceramic, Metal Flat Pack;68;Download
;;;
CFP;Ceramic, Glass Flat Pack;24;Download
;;;
CFP;Ceramic, Metal Flat Pack;408;Download
;;;
CFP;Ceramic, Metal Flat Pack;320;Download
;;;
CFP;Ceramic, Glass Flat Pack;100;Download
;;;
CFP;Ceramic, Glass Flat Pack;132;Download
;;;
CFP;Ceramic, Metal Flat Pack;128;Download
;;;
CFP;Ceramic, Metal Flat Pack;10;Download
;;;
CFP;Ceramic, Metal Flat Pack;10;Download
;;;
CFP;Ceramic, Metal Flat Pack;16;Download
;;;
CFP;Ceramic, Metal Flat Pack;68;Download
;;;
CFP;Ceramic, Metal Flat Pack;14;Download
;;;
CFP;Ceramic, Metal Flat Pack;10;Download
;;;
CFP;Ceramic, Metal Flat Pack;172;Download
;;;
CFP;Ceramic, Metal Flat Pack;164;Download
;;;
CFP (TBAR);Ceramic, Metal Flat Pack;84;Download
;;;
CFP (TBAR);Ceramic, Metal Flat Pack;100;Download
;;;
