DIP MODULE;Plastic In-Line;6;Download
;;;
DIP MODULE;Plastic In-Line;28;Download
;;;
DIP MODULE;Plastic Special Shape;21;Download
;;;
DIP MODULE;Plastic Special Shape;6;Download
;;;
DIP MODULE;Plastic Special Shape;10;Download
;;;
DIP MODULE;Plastic Special Shape;8;Download
;;;
DIP MODULE;Plastic Special Shape;34;Download
;;;
DIP MODULE;Plastic Special Shape;16;Download
;;;
DIP MODULE;Plastic In-Line;6;Download
;;;
DIP MODULE;Plastic In-Line;6;Download
;;;
DIP MODULE;Plastic In-Line;6;Download
;;;
DIP MODULE;Plastic Special Shape;22;Download
;;;
DIP MODULE;Plastic Special Shape;0;Download
;;;
DIP MODULE;Plastic Special Shape;5;Download
;;;
DIP MODULE;Plastic In-Line;32;Download
;;;
DIP MODULE;Plastic In-Line;36;Download
;;;
DIP MODULE;Plastic Special Shape;13;Download
;;;
DIP MODULE;Plastic In-Line;28;Download
;;;
DIP MODULE;Plastic In-Line;9;Download
;;;
DIP MODULE;Plastic In-Line;9;Download
;;;
DIP MODULE;Plastic Special Shape;10;Download
;;;
DIP MODULE-SMD;Plastic Special Shape;8;Download
;;;
DIP MODULE-SMD;Plastic Special Shape;8;Download
;;;
DIP MODULE-TH;Plastic Special Shape;22;Download
;;;
QFM;Plastic In-Line;6;Download
;;;
QFM;Plastic In-Line;8;Download
;;;
SIP MODULE;Plastic In-Line;14;Download
;;;
SIP MODULE;Metal In-Line;10;Download
;;;
SIP MODULE;Metal In-Line;23;Download
;;;
SIP MODULE;Metal In-Line;44;Download
;;;
SIP MODULE;Plastic In-Line;12;Download
;;;
SIP MODULE;Plastic In-Line;12;Download
;;;
SIP MODULE;Plastic In-Line;12;Download
;;;
SIP MODULE;Plastic In-Line;14;Download
;;;
SIP MODULE;Metal In-Line;3;Download
;;;
SIP MODULE;Metal In-Line;27;Download
;;;
SIP MODULE;Metal In-Line;27;Download
;;;
SIP MODULE;Metal In-Line;27;Download
;;;
SIP MODULE;Metal In-Line;18;Download
;;;
SIP MODULE;Plastic Special Shape;12;Download
;;;
SIP MODULE;Plastic Special Shape;14;Download
;;;
SIP MODULE;Plastic In-Line;14;Download
;;;
SIP MODULE;Metal In-Line;5;Download
;;;
SIP MODULE;Metal In-Line;26;Download
;;;
SIP MODULE;Metal In-Line;26;Download
;;;
SIP MODULE;Metal In-Line;31;Download
;;;
SIP MODULE;Metal In-Line;23;Download
;;;
SIP MODULE;Metal In-Line;14;Download
;;;
SIP MODULE;Metal In-Line;27;Download
;;;
SIP MODULE;Metal In-Line;20;Download
;;;
SIP MODULE;Metal In-Line;20;Download
;;;
SIP MODULE;Metal In-Line;18;Download
;;;
SIP MODULE;Metal In-Line;44;Download
;;;
SIP MODULE;Plastic In-Line;12;Download
;;;
SIP MODULE;Plastic In-Line;14;Download
;;;
SIP MODULE;Plastic In-Line;3;Download
;;;
SIP MODULE;Metal In-Line;27;Download
;;;
SIP MODULE;Metal In-Line;19;Download
;;;
SIP MODULE;Metal In-Line;23;Download
;;;
SIP MODULE;Metal In-Line;21;Download
;;;
SIP MODULE;Metal In-Line;23;Download
;;;
SIP MODULE;Metal In-Line;14;Download
;;;
SIP MODULE;Metal In-Line;19;Download
;;;
SIP MODULE;Metal In-Line;14;Download
;;;
SIP MODULE;Plastic Special Shape;21;Download
;;;
SIP MODULE;Plastic System in Package;5;Download
;;;
SIP MODULE;Plastic In-Line;3;Download
;;;
SIP MODULE;Metal In-Line;10;Download
;;;
SIP MODULE;Metal In-Line;12;Download
;;;
SIP MODULE;Metal In-Line;14;Download
;;;
SIP MODULE;Metal In-Line;18;Download
;;;
SIP MODULE;Plastic In-Line;12;Download
;;;
SIP MODULE;Plastic In-Line;12;Download
;;;
SIP MODULE;Plastic In-Line;12;Download
;;;
SIP MODULE;Plastic In-Line;12;Download
;;;
SIP MODULE;Plastic In-Line;14;Download
;;;
SIP MODULE;Plastic In-Line;3;Download
;;;
SIP MODULE;Metal In-Line;19;Download
;;;
SIP MODULE;Metal In-Line;3;Download
;;;
SIP MODULE;Plastic Special Shape;5;Download
;;;
SIP MODULE;Plastic Special Shape;0;Download
;;;
SIP MODULE;Plastic System in Package;5;Download
;;;
SIP MODULE;Metal In-Line;27;Download
;;;
SIP MODULE;Plastic In-Line;3;Download
;;;
SIP MODULE;Plastic In-Line;14;Download
;;;
SIP MODULE;Plastic In-Line;14;Download
;;;
SIP MODULE;Metal In-Line;10;Download
;;;
SIP MODULE;Metal In-Line;12;Download
;;;
SIP MODULE;Metal In-Line;31;Download
;;;
SIP MODULE;Metal In-Line;19;Download
;;;
SIP MODULE;Metal In-Line;27;Download
;;;
SIP MODULE;Metal In-Line;18;Download
;;;
SIP MODULE;Metal In-Line;12;Download
;;;
SIP MODULE;Metal In-Line;3;Download
;;;
SIP MODULE;Metal In-Line;27;Download
;;;
SIP MODULE;Metal In-Line;19;Download
;;;
SIP MODULE;Metal In-Line;27;Download
;;;
SIP MODULE;Metal In-Line;21;Download
;;;
SIP MODULE;Metal In-Line;18;Download
;;;
SIP MODULE;Metal In-Line;3;Download
;;;
SIP MODULE;Plastic Special Shape;8;Download
;;;
SIP MODULE;Plastic System in Package;100;Download
;;;
SIP MODULE;Plastic In-Line;3;Download
;;;
SIP MODULE;Plastic In-Line;3;Download
;;;
SIP MODULE;Plastic In-Line;3;Download
;;;
SIP MODULE;Plastic In-Line;3;Download
;;;
SIP MODULE;Plastic In-Line;14;Download
;;;
SIP MODULE;Plastic In-Line;3;Download
;;;
SIP MODULE;Metal In-Line;5;Download
;;;
SIP MODULE;Metal In-Line;26;Download
;;;
SIP MODULE;Metal In-Line;26;Download
;;;
SIP MODULE;Metal In-Line;12;Download
;;;
SIP MODULE;Metal In-Line;19;Download
;;;
SIP MODULE;Metal In-Line;19;Download
;;;
SIP MODULE;Plastic In-Line;12;Download
;;;
SIP MODULE;Plastic In-Line;14;Download
;;;
SIP MODULE;Metal In-Line;27;Download
;;;
SIP MODULE;Metal In-Line;23;Download
;;;
SIP MODULE;Metal In-Line;21;Download
;;;
SIP MODULE;Plastic Special Shape;5;Download
;;;
SIP MODULE;Plastic Special Shape;5;Download
;;;
SIP MODULE;Plastic In-Line;3;Download
;;;
SIP MODULE;Plastic In-Line;14;Download
;;;
SIP MODULE;Plastic In-Line;14;Download
;;;
SIP MODULE;Plastic In-Line;14;Download
;;;
SIP MODULE;Metal In-Line;12;Download
;;;
SIP MODULE;Metal In-Line;12;Download
;;;
SIP MODULE;Metal In-Line;17;Download
;;;
SIP MODULE;Metal In-Line;19;Download
;;;
SIP MODULE;Metal In-Line;20;Download
;;;
SIP MODULE;Plastic In-Line;12;Download
;;;
SIP MODULE;Plastic In-Line;12;Download
;;;
SIP MODULE;Plastic In-Line;14;Download
;;;
SIP MODULE;Plastic In-Line;3;Download
;;;
SIP MODULE;Metal In-Line;3;Download
;;;
SIP MODULE;Metal In-Line;27;Download
;;;
SIP MODULE;Metal In-Line;19;Download
;;;
SIP MODULE;Metal In-Line;27;Download
;;;
SIP MODULE;Metal In-Line;23;Download
;;;
SIP MODULE;Metal In-Line;14;Download
;;;
SIP MODULE;Metal In-Line;18;Download
;;;
SIP MODULE;Metal In-Line;3;Download
;;;
SIP MODULE;Plastic In-Line;14;Download
;;;
SIP MODULE;Metal In-Line;27;Download
;;;
SIP MODULE;Metal In-Line;14;Download
;;;
SIP MODULE;Plastic Special Shape;4;Download
;;;
SIP MODULE;Plastic System in Package;46;Download
;;;
SIP MODULE;Plastic In-Line;3;Download
;;;
SIP MODULE;Plastic In-Line;14;Download
;;;
SIP MODULE;Plastic In-Line;14;Download
;;;
SIP MODULE;Metal In-Line;5;Download
;;;
SIP MODULE;Metal In-Line;31;Download
;;;
SIP MODULE;Metal In-Line;23;Download
;;;
SIP MODULE;Metal In-Line;23;Download
;;;
SIP MODULE;Metal In-Line;23;Download
;;;
SIP MODULE;Metal In-Line;17;Download
;;;
SIP MODULE;Metal In-Line;17;Download
;;;
SIP MODULE;Metal In-Line;27;Download
;;;
SIP MODULE;Metal In-Line;44;Download
;;;
SIP MODULE;Plastic In-Line;12;Download
;;;
Surface Mount Module;Plastic Special Shape;5;Download
;;;
Surface Mount Module;Plastic Special Shape;10;Download
;;;
Surface Mount Module;Plastic Special Shape;10;Download
;;;
Surface Mount Module;Plastic Special Shape;7;Download
;;;
Surface Mount Module;Plastic Special Shape;10;Download
;;;
Surface Mount Module;Plastic Special Shape;5;Download
;;;
Surface Mount Module;Plastic Special Shape;6;Download
;;;
Surface Mount Module;Plastic Special Shape;14;Download
;;;
Surface Mount Module;Plastic Special Shape;10;Download
;;;
Surface Mount Module;Plastic Special Shape;11;Download
;;;
Surface Mount Module;Plastic Special Shape;12;Download
;;;
Surface Mount Module;Plastic Special Shape;7;Download
;;;
Surface Mount Module;Plastic Special Shape;7;Download
;;;
Surface Mount Module;Plastic Special Shape;20;Download
;;;
Surface Mount Module;Plastic Special Shape;4;Download
;;;
Surface Mount Module;Plastic Special Shape;5;Download
;;;
Surface Mount Module;Plastic Special Shape;11;Download
;;;
Surface Mount Module;Plastic Special Shape;22;Download
;;;
Surface Mount Module;Plastic Special Shape;6;Download
;;;
Surface Mount Module;Plastic Special Shape;8;Download
;;;
Surface Mount Module;Plastic Special Shape;8;Download
;;;
Surface Mount Module;Plastic Special Shape;11;Download
;;;
Surface Mount Module;Plastic Special Shape;8;Download
;;;
Surface Mount Module;Plastic Special Shape;8;Download
;;;
Surface Mount Module;Plastic Special Shape;12;Download
;;;
Surface Mount Module;Plastic Special Shape;7;Download
;;;
Surface Mount Module;Plastic Special Shape;11;Download
;;;
Surface Mount Module;Plastic Special Shape;11;Download
;;;
Surface Mount Module;Plastic Special Shape;4;Download
;;;
Surface Mount Module;Plastic Special Shape;5;Download
;;;
Surface Mount Module;Plastic Special Shape;11;Download
;;;
Surface Mount Module;Plastic Special Shape;11;Download
;;;
Surface Mount Module;Plastic Special Shape;5;Download
;;;
Surface Mount Module;Plastic Special Shape;13;Download
;;;
Surface Mount Module;Plastic Special Shape;4;Download
;;;
Surface Mount Module;Plastic Special Shape;8;Download
;;;
Surface Mount Module;Plastic Special Shape;5;Download
;;;
Surface Mount Module;Plastic Special Shape;11;Download
;;;
Surface Mount Module;Plastic Special Shape;6;Download
;;;
Surface Mount Module;Plastic Special Shape;22;Download
;;;
Surface Mount Module;Plastic In-Line;10;Download
;;;
Surface Mount Module;Plastic Special Shape;10;Download
;;;
Surface Mount Module;Plastic Special Shape;13;Download
;;;
Surface Mount Module;Plastic Special Shape;5;Download
;;;
Surface Mount Module;Plastic Special Shape;12;Download
;;;
Surface Mount Module;Plastic Special Shape;5;Download
;;;
Surface Mount Module;Plastic Special Shape;11;Download
;;;
Surface Mount Module;Plastic Special Shape;12;Download
;;;
Surface Mount Module;Plastic Special Shape;10;Download
;;;
Surface Mount Module;Plastic In-Line;7;Download
;;;
Surface Mount Module;Plastic Special Shape;6;Download
;;;
Through-Hole Module;Plastic In-Line;10;Download
;;;
Through-Hole Module;Plastic Special Shape;12;Download
;;;
Through-Hole Module;Plastic Special Shape;13;Download
;;;
Through-Hole Module;Plastic Special Shape;20;Download
;;;
Through-Hole Module;Plastic Special Shape;5;Download
;;;
Through-Hole Module;Plastic Special Shape;11;Download
;;;
Through-Hole Module;Plastic Special Shape;12;Download
;;;
Through-Hole Module;Plastic Special Shape;6;Download
;;;
Through-Hole Module;Plastic Special Shape;10;Download
;;;
Through-Hole Module;Plastic Special Shape;10;Download
;;;
Through-Hole Module;Plastic Special Shape;8;Download
;;;
Through-Hole Module;Plastic Special Shape;6;Download
;;;
Through-Hole Module;Plastic Special Shape;8;Download
;;;
Through-Hole Module;Plastic In-Line;14;Download
;;;
Through-Hole Module;Plastic Special Shape;10;Download
;;;
Through-Hole Module;Plastic Special Shape;11;Download
;;;
Through-Hole Module;Plastic Special Shape;22;Download
;;;
Through-Hole Module;Plastic Special Shape;11;Download
;;;
Through-Hole Module;Plastic Special Shape;4;Download
;;;
Through-Hole Module;Plastic Special Shape;7;Download
;;;
Through-Hole Module;Plastic Special Shape;7;Download
;;;
Through-Hole Module;Plastic Special Shape;7;Download
;;;
Through-Hole Module;Plastic Special Shape;5;Download
;;;
Through-Hole Module;Plastic Special Shape;12;Download
;;;
Through-Hole Module;Plastic Special Shape;8;Download
;;;
Through-Hole Module;Plastic Special Shape;11;Download
;;;
Through-Hole Module;Plastic Special Shape;22;Download
;;;
Through-Hole Module;Plastic Special Shape;7;Download
;;;
Through-Hole Module;Plastic Special Shape;20;Download
;;;
Through-Hole Module;Plastic Special Shape;5;Download
;;;
Through-Hole Module;Plastic Special Shape;10;Download
;;;
Through-Hole Module;Plastic Special Shape;4;Download
;;;
Through-Hole Module;Plastic Special Shape;5;Download
;;;
Through-Hole Module;Plastic Special Shape;8;Download
;;;
Through-Hole Module;Plastic Special Shape;6;Download
;;;
Through-Hole Module;Plastic Special Shape;5;Download
;;;
Through-Hole Module;Plastic Special Shape;13;Download
;;;
Through-Hole Module;Plastic Special Shape;13;Download
;;;
Through-Hole Module;Plastic In-Line;7;Download
;;;
Through-Hole Module;Plastic Special Shape;5;Download
;;;
Through-Hole Module;Plastic Special Shape;7;Download
;;;
Through-Hole Module;Plastic Special Shape;10;Download
;;;
Through-Hole Module;Plastic Special Shape;8;Download
;;;
Through-Hole Module;Plastic Special Shape;5;Download
;;;
Through-Hole Module;Plastic Special Shape;14;Download
;;;
Through-Hole Module;Plastic Special Shape;10;Download
;;;
Through-Hole Module;Plastic Special Shape;8;Download
;;;
Through-Hole Module;Plastic Special Shape;11;Download
;;;
Through-Hole Module;Plastic Special Shape;8;Download
;;;
uSiP;Plastic System in Package;9;Download
;;;
uSiP;Plastic System in Package;8;Download
;;;
