CLGA;Ceramic, Metal Grid Array;203;Download
;;;
CLGA;Ceramic, Metal Grid Array;40;Download
;;;
CLGA;Ceramic, Metal Grid Array;57;Download
;;;
CLGA;Ceramic, Metal Grid Array;355;Download
;;;
CPGA;Ceramic, Metal Grid Array;350;Download
;;;
CPGA;Ceramic, Metal Grid Array;180;Download
;;;
CPGA;Ceramic, Metal Grid Array;181;Download
;;;
CPGA;Ceramic, Metal Grid Array;68;Download
;;;
CPGA;Ceramic, Metal Grid Array;181;Download
;;;
CPGA;Ceramic, Metal Grid Array;305;Download
;;;
CPGA;Ceramic, Metal Grid Array;68;Download
;;;
CPGA;Ceramic, Metal Grid Array;196;Download
;;;
CPGA;Ceramic, Metal Grid Array;325;Download
;;;
CPGA;Ceramic, Metal Grid Array;256;Download
;;;
CPGA;Ceramic, Metal Grid Array;141;Download
;;;
CPGA;Ceramic, Metal Grid Array;361;Download
;;;
CPGA;Ceramic, Metal Grid Array;289;Download
;;;
CPGA;Ceramic, Metal Grid Array;169;Download
;;;
CPGA;Ceramic, Metal Grid Array;225;Download
;;;
CPGA;Ceramic, Metal Grid Array;324;Download
;;;
CPGA;Ceramic, Metal Grid Array;149;Download
;;;
LCCC;Ceramic, Metal Grid Array;98;Download
;;;
LCCC;Ceramic, Metal Grid Array;355;Download
;;;
LCCC;Plastic Grid Array;80;Download
;;;
LCCC;Ceramic, Metal Grid Array;46;Download
;;;
LCCC;Ceramic, Metal Chip Carrier;203;Download
;;;
LCCC;Ceramic, Metal Chip Carrier;20;Download
;;;
