DSBGA;Silicon Grid Array;5;Download
;;;
DSBGA;Silicon Grid Array;6;Download
;;;
DSBGA;Silicon Grid Array;30;Download
;;;
DSBGA;Silicon Grid Array;8;Download
;;;
DSBGA;Silicon Grid Array;5;Download
;;;
DSBGA;Silicon Grid Array;4;Download
;;;
DSBGA;Silicon Grid Array;16;Download
;;;
DSBGA;Silicon Grid Array;24;Download
;;;
DSBGA;Silicon Grid Array;4;Download
;;;
DSBGA;Silicon Grid Array;6;Download
;;;
DSBGA;Silicon Grid Array;8;Download
;;;
DSBGA;Silicon Grid Array;5;Download
;;;
DSBGA;Silicon Grid Array;35;Download
;;;
DSBGA;Silicon Grid Array;12;Download
;;;
DSBGA;Silicon Grid Array;20;Download
;;;
DSBGA;Silicon Grid Array;24;Download
;;;
DSBGA;Silicon Grid Array;12;Download
;;;
DSBGA;Silicon Grid Array;15;Download
;;;
DSBGA;Silicon Grid Array;25;Download
;;;
DSBGA;Silicon Grid Array;14;Download
;;;
DSBGA;Silicon Grid Array;12;Download
;;;
DSBGA;Silicon Grid Array;14;Download
;;;
DSBGA;Silicon Grid Array;30;Download
;;;
DSBGA;Silicon Grid Array;36;Download
;;;
DSBGA;Silicon Grid Array;144;Download
;;;
DSBGA;Silicon Grid Array;5;Download
;;;
DSBGA;Silicon Grid Array;5;Download
;;;
DSBGA;Silicon Grid Array;81;Download
;;;
DSBGA;Silicon Grid Array;100;Download
;;;
DSBGA;Silicon Grid Array;4;Download
;;;
DSBGA;Silicon Grid Array;169;Download
;;;
DSBGA;Silicon Grid Array;5;Download
;;;
DSBGA;Silicon Grid Array;8;Download
;;;
DSBGA;Silicon Grid Array;6;Download
;;;
DSBGA;Silicon Grid Array;12;Download
;;;
DSBGA;Silicon Grid Array;16;Download
;;;
DSBGA;Silicon Grid Array;20;Download
;;;
DSBGA;Silicon Grid Array;12;Download
;;;
DSBGA;Silicon Grid Array;10;Download
;;;
DSBGA;Silicon Grid Array;5;Download
;;;
DSBGA;Silicon Grid Array;36;Download
;;;
DSBGA;Silicon Grid Array;9;Download
;;;
DSBGA;Silicon Grid Array;14;Download
;;;
DSBGA;Silicon Grid Array;28;Download
;;;
DSBGA;Silicon Grid Array;5;Download
;;;
DSBGA;Silicon Grid Array;24;Download
;;;
DSBGA;Silicon Grid Array;8;Download
;;;
DSBGA;Silicon Grid Array;6;Download
;;;
DSBGA;Silicon Grid Array;4;Download
;;;
DSBGA;Silicon Grid Array;6;Download
;;;
DSBGA;Silicon Grid Array;9;Download
;;;
DSBGA;Silicon Grid Array;6;Download
;;;
DSBGA;Silicon Grid Array;80;Download
;;;
DSBGA;Silicon Grid Array;100;Download
;;;
DSBGA;Silicon Grid Array;81;Download
;;;
DSBGA;Silicon Grid Array;256;Download
;;;
DSBGA;Silicon Grid Array;4;Download
;;;
DSBGA;Silicon Grid Array;6;Download
;;;
DSBGA;Silicon Grid Array;12;Download
;;;
DSBGA;Silicon Grid Array;28;Download
;;;
DSBGA;Silicon Grid Array;4;Download
;;;
DSBGA;Silicon Grid Array;6;Download
;;;
DSBGA;Silicon Grid Array;64;Download
;;;
DSBGA;Silicon Grid Array;10;Download
;;;
DSBGA;Silicon Grid Array;4;Download
;;;
DSBGA;Silicon Grid Array;4;Download
;;;
DSBGA;Silicon Grid Array;28;Download
;;;
DSBGA;Silicon Grid Array;49;Download
;;;
DSBGA;Silicon Grid Array;64;Download
;;;
DSBGA;Silicon Grid Array;169;Download
;;;
DSBGA;Silicon Grid Array;24;Download
;;;
DSBGA;Silicon Grid Array;20;Download
;;;
DSBGA;Silicon Grid Array;90;Download
;;;
DSBGA;Silicon Grid Array;8;Download
;;;
DSBGA;Silicon Grid Array;49;Download
;;;
DSBGA;Silicon Grid Array;4;Download
;;;
DSBGA;Silicon Grid Array;5;Download
;;;
DSBGA;Silicon Grid Array;6;Download
;;;
DSBGA;Silicon Grid Array;16;Download
;;;
DSBGA;Silicon Grid Array;90;Download
;;;
DSBGA;Silicon Grid Array;169;Download
;;;
DSBGA;Silicon Grid Array;64;Download
;;;
DSBGA;Silicon Grid Array;28;Download
;;;
DSBGA;Silicon Grid Array;9;Download
;;;
DSBGA;Silicon Grid Array;25;Download
;;;
DSBGA;Silicon Grid Array;6;Download
;;;
DSBGA;Silicon Grid Array;8;Download
;;;
DSBGA;Silicon Grid Array;8;Download
;;;
DSBGA;Silicon Grid Array;6;Download
;;;
DSBGA;Silicon Grid Array;8;Download
;;;
DSBGA;Silicon Grid Array;25;Download
;;;
DSBGA;Silicon Grid Array;12;Download
;;;
DSBGA;Silicon Grid Array;28;Download
;;;
DSBGA;Silicon Grid Array;4;Download
;;;
DSBGA;Silicon Grid Array;5;Download
;;;
DSBGA;Silicon Grid Array;18;Download
;;;
DSBGA;Silicon Grid Array;20;Download
;;;
DSBGA;Silicon Grid Array;30;Download
;;;
DSBGA;Silicon Grid Array;100;Download
;;;
DSBGA;Silicon Grid Array;10;Download
;;;
DSBGA;Silicon Grid Array;16;Download
;;;
DSBGA;Silicon Grid Array;24;Download
;;;
DSBGA;Silicon Grid Array;4;Download
;;;
DSBGA;Silicon Grid Array;8;Download
;;;
DSBGA;Silicon Grid Array;8;Download
;;;
DSBGA;Silicon Grid Array;81;Download
;;;
DSBGA;Silicon Grid Array;64;Download
;;;
DSBGA;Silicon Grid Array;8;Download
;;;
DSBGA;Silicon Grid Array;6;Download
;;;
DSBGA;Silicon Grid Array;56;Download
;;;
DSBGA;Silicon Grid Array;25;Download
;;;
DSBGA;Silicon Grid Array;30;Download
;;;
DSBGA;Silicon Grid Array;5;Download
;;;
DSBGA;Silicon Grid Array;28;Download
;;;
DSBGA;Silicon Grid Array;40;Download
;;;
DSBGA;Silicon Grid Array;8;Download
;;;
DSBGA;Silicon Grid Array;6;Download
;;;
DSBGA;Silicon Grid Array;5;Download
;;;
DSBGA;Silicon Grid Array;36;Download
;;;
DSBGA;Silicon Grid Array;12;Download
;;;
DSBGA;Silicon Grid Array;36;Download
;;;
DSBGA;Silicon Grid Array;40;Download
;;;
DSBGA;Silicon Grid Array;42;Download
;;;
DSBGA;Silicon Grid Array;15;Download
;;;
DSBGA;Silicon Grid Array;4;Download
;;;
DSBGA;Silicon Grid Array;8;Download
;;;
DSBGA;Silicon Grid Array;46;Download
;;;
DSBGA;Silicon Grid Array;4;Download
;;;
DSBGA;Silicon Grid Array;6;Download
;;;
DSBGA;Silicon Grid Array;12;Download
;;;
DSBGA;Silicon Grid Array;49;Download
;;;
DSBGA;Silicon Grid Array;196;Download
;;;
DSBGA;Silicon Grid Array;42;Download
;;;
DSBGA;Silicon Grid Array;5;Download
;;;
DSBGA;Silicon Grid Array;6;Download
;;;
DSBGA;Silicon Grid Array;5;Download
;;;
DSBGA;Silicon Grid Array;36;Download
;;;
DSBGA;Silicon Grid Array;25;Download
;;;
DSBGA;Silicon Grid Array;4;Download
;;;
DSBGA;Silicon Grid Array;5;Download
;;;
DSBGA;Silicon Grid Array;12;Download
;;;
DSBGA;Silicon Grid Array;5;Download
;;;
DSBGA;Silicon Grid Array;4;Download
;;;
DSBGA;Silicon Grid Array;5;Download
;;;
DSBGA;Silicon Grid Array;6;Download
;;;
DSBGA;Silicon Grid Array;16;Download
;;;
DSBGA;Silicon Grid Array;6;Download
;;;
DSBGA;Silicon Grid Array;9;Download
;;;
DSBGA;Silicon Grid Array;18;Download
;;;
DSBGA;Silicon Grid Array;100;Download
;;;
DSBGA;Silicon Grid Array;256;Download
;;;
DSBGA;Silicon Grid Array;39;Download
;;;
DSBGA;Silicon Grid Array;14;Download
;;;
DSBGA;Silicon Grid Array;30;Download
;;;
DSBGA;Silicon Grid Array;36;Download
;;;
DSBGA;Silicon Grid Array;42;Download
;;;
DSBGA;Silicon Grid Array;48;Download
;;;
DSBGA;Silicon Grid Array;36;Download
;;;
DSBGA;Silicon Grid Array;72;Download
;;;
DSBGA;Silicon Grid Array;36;Download
;;;
DSBGA;Silicon Grid Array;256;Download
;;;
DSBGA;Silicon Grid Array;48;Download
;;;
DSBGA;Silicon Grid Array;12;Download
;;;
DSBGA;Silicon Grid Array;8;Download
;;;
DSBGA;Silicon Grid Array;20;Download
;;;
DSBGA;Silicon Grid Array;16;Download
;;;
DSBGA;Silicon Grid Array;42;Download
;;;
DSBGA;Silicon Grid Array;16;Download
;;;
DSBGA;Silicon Grid Array;49;Download
;;;
DSBGA;Silicon Grid Array;155;Download
;;;
DSBGA;Silicon Grid Array;4;Download
;;;
DSBGA;Silicon Grid Array;6;Download
;;;
DSBGA;Silicon Grid Array;8;Download
;;;
DSBGA;Silicon Grid Array;20;Download
;;;
DSBGA;Silicon Grid Array;5;Download
;;;
DSBGA;Silicon Grid Array;4;Download
;;;
DSBGA;Silicon Grid Array;4;Download
;;;
DSBGA;Silicon Grid Array;81;Download
;;;
DSBGA;Silicon Grid Array;9;Download
;;;
DSBGA;Silicon Grid Array;15;Download
;;;
DSBGA;Silicon Grid Array;6;Download
;;;
DSBGA;Silicon Grid Array;9;Download
;;;
DSBGA;Silicon Grid Array;81;Download
;;;
DSBGA;Silicon Grid Array;8;Download
;;;
DSBGA;Silicon Grid Array;25;Download
;;;
DSBGA;Silicon Grid Array;49;Download
;;;
DSBGA;Silicon Grid Array;169;Download
;;;
DSBGA;Silicon Grid Array;34;Download
;;;
DSBGA;Silicon Grid Array;9;Download
;;;
DSBGA;Silicon Grid Array;25;Download
;;;
DSBGA;Silicon Grid Array;10;Download
;;;
DSBGA;Silicon Grid Array;4;Download
;;;
DSBGA;Silicon Grid Array;4;Download
;;;
DSBGA;Silicon Grid Array;16;Download
;;;
DSBGA;Silicon Grid Array;28;Download
;;;
DSBGA;Silicon Grid Array;56;Download
;;;
DSBGA;Silicon Grid Array;132;Download
;;;
DSBGA;Silicon Grid Array;169;Download
;;;
DSBGA;Silicon Grid Array;196;Download
;;;
DSBGA;Silicon Grid Array;5;Download
;;;
DSBGA;Silicon Grid Array;36;Download
;;;
DSBGA;Silicon Grid Array;6;Download
;;;
DSBGA;Silicon Grid Array;81;Download
;;;
DSBGA;Silicon Grid Array;8;Download
;;;
DSBGA;Silicon Grid Array;9;Download
;;;
DSBGA;Silicon Grid Array;24;Download
;;;
DSBGA;Silicon Grid Array;15;Download
;;;
DSBGA;Silicon Grid Array;42;Download
;;;
DSBGA;Silicon Grid Array;6;Download
;;;
DSBGA;Silicon Grid Array;8;Download
;;;
DSBGA;Silicon Grid Array;144;Download
;;;
DSBGA;Silicon Grid Array;4;Download
;;;
DSBGA;Silicon Grid Array;12;Download
;;;
DSBGA;Silicon Grid Array;64;Download
;;;
DSBGA;Silicon Grid Array;14;Download
;;;
DSBGA;Silicon Grid Array;12;Download
;;;
DSBGA;Silicon Grid Array;9;Download
;;;
DSBGA;Silicon Grid Array;22;Download
;;;
DSBGA;Silicon Grid Array;36;Download
;;;
DSBGA;Silicon Grid Array;64;Download
;;;
DSBGA;Silicon Grid Array;72;Download
;;;
DSBGA;Silicon Grid Array;49;Download
;;;
DSBGA;Silicon Grid Array;77;Download
;;;
DSBGA;Silicon Grid Array;144;Download
;;;
DSBGA;Silicon Grid Array;100;Download
;;;
DSBGA;Silicon Grid Array;64;Download
;;;
DSBGA;Silicon Grid Array;6;Download
;;;
DSBGA;Silicon Grid Array;24;Download
;;;
DSBGA;Silicon Grid Array;8;Download
;;;
PicoStar;Silicon Grid Array;4;Download
;;;
PicoStar;Silicon Grid Array;81;Download
;;;
PicoStar;Silicon Grid Array;6;Download
;;;
PicoStar;Silicon Grid Array;49;Download
;;;
PicoStar;Silicon Grid Array;5;Download
;;;
PicoStar;Silicon Grid Array;25;Download
;;;
