CLGA;Ceramic, Metal Grid Array;355;Download
;;;
CLGA;Ceramic, Metal Grid Array;40;Download
;;;
CLGA;Ceramic, Metal Grid Array;57;Download
;;;
CLGA;Ceramic, Metal Grid Array;203;Download
;;;
FCLGA;Ceramic, Metal Grid Array;429;Download
;;;
FCLGA;Plastic Grid Array;36;Download
;;;
PLGA;Plastic Grid Array;144;Download
;;;
PLGA;Plastic Grid Array;24;Download
;;;
PLGA;Plastic Grid Array;16;Download
;;;
PLGA;Plastic Grid Array;70;Download
;;;
PLGA;Plastic Grid Array;72;Download
;;;
PLGA;Plastic Grid Array;64;Download
;;;
PLGA;Plastic Grid Array;48;Download
;;;
PLGA;Plastic Grid Array;28;Download
;;;
PLGA;Plastic Grid Array;79;Download
;;;
PLGA;Plastic Grid Array;181;Download
;;;
PLGA;Plastic Grid Array;208;Download
;;;
TLGA;Plastic Grid Array;20;Download
;;;
TLGA;Plastic Grid Array;48;Download
;;;
TLGA;Plastic Grid Array;32;Download
;;;
ULGA;Plastic Grid Array;24;Download
;;;
ULGA;Plastic Grid Array;20;Download
;;;
