CPGA;Ceramic, Metal Grid Array;196;Download
;;;
CPGA;Ceramic, Metal Grid Array;68;Download
;;;
CPGA;Ceramic, Metal Grid Array;305;Download
;;;
CPGA;Ceramic, Metal Grid Array;181;Download
;;;
CPGA;Ceramic, Metal Grid Array;350;Download
;;;
CPGA;Ceramic, Metal Grid Array;180;Download
;;;
CPGA;Ceramic, Metal Grid Array;181;Download
;;;
CPGA;Ceramic, Metal Grid Array;68;Download
;;;
CPGA;Ceramic, Metal Grid Array;225;Download
;;;
CPGA;Ceramic, Metal Grid Array;324;Download
;;;
CPGA;Ceramic, Metal Grid Array;149;Download
;;;
CPGA;Ceramic, Metal Grid Array;169;Download
;;;
CPGA;Ceramic, Metal Grid Array;325;Download
;;;
CPGA;Ceramic, Metal Grid Array;289;Download
;;;
CPGA;Ceramic, Metal Grid Array;361;Download
;;;
CPGA;Ceramic, Metal Grid Array;141;Download
;;;
CPGA;Ceramic, Metal Grid Array;256;Download
;;;
FCPGA;Ceramic, Metal Grid Array;570;Download
;;;
