B1QFN;Plastic Flat Pack;39;Download
;;;
B1QFN;Plastic Flat Pack;47;Download
;;;
B1QFN;Plastic Flat Pack;41;Download
;;;
B3QFN;Plastic Flat Pack;42;Download
;;;
B4QFN;Plastic Flat Pack;72;Download
;;;
LQFN;Plastic Flat Pack;24;Download
;;;
LQFN;Plastic Small Outline;22;Download
;;;
LQFN-CLIP;Plastic Flat Pack;40;Download
;;;
UQFN;Plastic Small Outline;28;Download
;;;
UQFN;Plastic Flat Pack;10;Download
;;;
UQFN;Plastic Small Outline;20;Download
;;;
UQFN;Plastic Small Outline;24;Download
;;;
UQFN;Plastic Flat Pack;16;Download
;;;
UQFN;Plastic Small Outline;52;Download
;;;
UQFN;Plastic Flat Pack;12;Download
;;;
UQFN;Plastic Flat Pack;16;Download
;;;
UQFN;Plastic Flat Pack;14;Download
;;;
UQFN;Plastic Flat Pack;32;Download
;;;
UQFN;Plastic Flat Pack;24;Download
;;;
UQFN;Plastic Flat Pack;10;Download
;;;
UQFN;Plastic Flat Pack;14;Download
;;;
UQFN;Plastic Small Outline;20;Download
;;;
UQFN;Plastic Flat Pack;10;Download
;;;
UQFN;Plastic Small Outline;48;Download
;;;
UQFN;Plastic Flat Pack;10;Download
;;;
UQFN;Plastic Flat Pack;8;Download
;;;
VQFN;Plastic Flat Pack;20;Download
;;;
VQFN;Plastic Flat Pack;16;Download
;;;
VQFN;Plastic Flat Pack;24;Download
;;;
VQFN;Plastic Flat Pack;32;Download
;;;
VQFN;Plastic Flat Pack;32;Download
;;;
VQFN;Plastic Flat Pack;24;Download
;;;
VQFN;Plastic Flat Pack;14;Download
;;;
VQFN;Plastic Flat Pack;48;Download
;;;
VQFN;Plastic Flat Pack;15;Download
;;;
VQFN;Plastic Flat Pack;20;Download
;;;
VQFN;Plastic Flat Pack;9;Download
;;;
VQFN;Plastic Flat Pack;64;Download
;;;
VQFN;Plastic Flat Pack;16;Download
;;;
VQFN;Plastic Flat Pack;20;Download
;;;
VQFN;Plastic Flat Pack;48;Download
;;;
VQFN;Plastic Flat Pack;40;Download
;;;
VQFN;Plastic Flat Pack;36;Download
;;;
VQFN;Plastic Flat Pack;28;Download
;;;
VQFN;Plastic Flat Pack;20;Download
;;;
VQFN;Plastic Flat Pack;16;Download
;;;
VQFN;Plastic Flat Pack;56;Download
;;;
VQFN;Plastic Flat Pack;56;Download
;;;
VQFN;Plastic Flat Pack;32;Download
;;;
VQFN;Plastic Flat Pack;20;Download
;;;
VQFN;Plastic Flat Pack;24;Download
;;;
VQFN;Plastic Flat Pack;32;Download
;;;
VQFN;Plastic Flat Pack;32;Download
;;;
VQFN;Plastic Flat Pack;40;Download
;;;
VQFN;Plastic Flat Pack;56;Download
;;;
VQFN;Plastic Flat Pack;14;Download
;;;
VQFN;Plastic Flat Pack;20;Download
;;;
VQFN;Plastic Flat Pack;36;Download
;;;
VQFN;Plastic Flat Pack;13;Download
;;;
VQFN;Plastic Flat Pack;48;Download
;;;
VQFN;Plastic Flat Pack;28;Download
;;;
VQFN;Plastic Flat Pack;16;Download
;;;
VQFN;Plastic Flat Pack;16;Download
;;;
VQFN;Plastic Flat Pack;24;Download
;;;
VQFN;Plastic Flat Pack;40;Download
;;;
VQFN;Plastic Flat Pack;38;Download
;;;
VQFN;Plastic Flat Pack;20;Download
;;;
VQFN;Plastic Flat Pack;24;Download
;;;
VQFN;Plastic Flat Pack;16;Download
;;;
VQFN;Plastic Flat Pack;12;Download
;;;
VQFN;Plastic Flat Pack;44;Download
;;;
VQFN;Plastic Flat Pack;64;Download
;;;
VQFN;Plastic Flat Pack;34;Download
;;;
VQFN;Plastic Flat Pack;11;Download
;;;
VQFN;Plastic Flat Pack;12;Download
;;;
VQFN;Plastic Flat Pack;36;Download
;;;
VQFN;Plastic Flat Pack;14;Download
;;;
VQFN-CLIP;Plastic Flat Pack;28;Download
;;;
VQFN-MR;Plastic Flat Pack;100;Download
;;;
VQFN-MR;Plastic Small Outline;92;Download
;;;
VQFNP;Plastic Flat Pack;72;Download
;;;
VQFNP;Plastic Flat Pack;36;Download
;;;
VQFNP;Plastic Small Outline;52;Download
;;;
VQFNP;Plastic Flat Pack;40;Download
;;;
VQFNP;Plastic Flat Pack;20;Download
;;;
VQFNP;Plastic Flat Pack;48;Download
;;;
VQFNP;Plastic Flat Pack;56;Download
;;;
VQFNP;Plastic Flat Pack;56;Download
;;;
VQFNP;Plastic Flat Pack;20;Download
;;;
VQFNP;Plastic Flat Pack;64;Download
;;;
VQFNP;Plastic Flat Pack;36;Download
;;;
VQFNP;Plastic Flat Pack;24;Download
;;;
VQFNP;Plastic Flat Pack;32;Download
;;;
VQFNP;Plastic Flat Pack;32;Download
;;;
VQFNP;Plastic Small Outline;68;Download
;;;
VQFNP;Plastic Flat Pack;16;Download
;;;
VQFNP;Plastic Flat Pack;48;Download
;;;
WQFN;Plastic Flat Pack;30;Download
;;;
WQFN;Plastic Small Outline;20;Download
;;;
WQFN;Plastic Small Outline;48;Download
;;;
WQFN;Plastic Small Outline;80;Download
;;;
WQFN;Plastic Flat Pack;36;Download
;;;
WQFN;Plastic Flat Pack;42;Download
;;;
WQFN;Plastic Flat Pack;24;Download
;;;
WQFN;Plastic Flat Pack;10;Download
;;;
WQFN;Plastic Small Outline;36;Download
;;;
WQFN;Plastic Small Outline;44;Download
;;;
WQFN;Plastic Small Outline;48;Download
;;;
WQFN;Plastic Small Outline;60;Download
;;;
WQFN;Plastic Flat Pack;12;Download
;;;
WQFN;Plastic Flat Pack;40;Download
;;;
WQFN;Plastic Flat Pack;40;Download
;;;
WQFN;Plastic Flat Pack;16;Download
;;;
WQFN;Plastic Small Outline;32;Download
;;;
WQFN;Plastic Small Outline;36;Download
;;;
WQFN;Plastic Small Outline;36;Download
;;;
WQFN;Plastic Small Outline;38;Download
;;;
WQFN;Plastic Small Outline;44;Download
;;;
WQFN;Plastic Flat Pack;54;Download
;;;
WQFN;Plastic Flat Pack;64;Download
;;;
WQFN;Plastic Flat Pack;16;Download
;;;
WQFN;Plastic Flat Pack;10;Download
;;;
WQFN;Plastic Small Outline;32;Download
;;;
WQFN;Plastic Flat Pack;36;Download
;;;
WQFN;Plastic Flat Pack;12;Download
;;;
WQFN;Plastic Flat Pack;20;Download
;;;
WQFN;Plastic Flat Pack;28;Download
;;;
WQFN;Plastic Small Outline;28;Download
;;;
WQFN;Plastic Small Outline;60;Download
;;;
WQFN;Plastic Flat Pack;24;Download
;;;
WQFN;Plastic Flat Pack;40;Download
;;;
WQFN;Plastic Flat Pack;16;Download
;;;
WQFN;Plastic Flat Pack;16;Download
;;;
WQFN;Plastic Flat Pack;28;Download
;;;
WQFN;Plastic Flat Pack;32;Download
;;;
WQFN;Plastic Flat Pack;20;Download
;;;
WQFN;Plastic Flat Pack;28;Download
;;;
WQFN;Plastic Flat Pack;38;Download
;;;
WQFN;Plastic Flat Pack;6;Download
;;;
WQFN;Plastic Small Outline;24;Download
;;;
WQFN;Plastic Small Outline;24;Download
;;;
WQFN;Plastic Small Outline;100;Download
;;;
WQFN;Plastic Flat Pack;32;Download
;;;
WQFN;Plastic Flat Pack;24;Download
;;;
WQFN;Plastic Flat Pack;16;Download
;;;
WQFN;Plastic Small Outline;10;Download
;;;
WQFN;Plastic Small Outline;16;Download
;;;
WQFN;Plastic Small Outline;48;Download
;;;
WQFN;Plastic Small Outline;60;Download
;;;
WQFN;Plastic Small Outline;44;Download
;;;
WQFN;Plastic Flat Pack;56;Download
;;;
WQFN;Plastic Flat Pack;24;Download
;;;
WQFN;Plastic Small Outline;24;Download
;;;
WQFN;Plastic Flat Pack;20;Download
;;;
WQFN;Plastic Flat Pack;32;Download
;;;
WQFN;Plastic Flat Pack;48;Download
;;;
WQFN;Plastic Flat Pack;56;Download
;;;
WQFN;Plastic Small Outline;24;Download
;;;
WQFN;Plastic Small Outline;8;Download
;;;
WQFN;Plastic Small Outline;56;Download
;;;
WQFN;Plastic Flat Pack;20;Download
;;;
WQFN;Plastic Flat Pack;36;Download
;;;
WQFN;Plastic Flat Pack;16;Download
;;;
WQFN-MR;Plastic Flat Pack;100;Download
;;;
WQFN-MR;Plastic Small Outline;80;Download
;;;
WQFN-MR;Plastic Flat Pack;88;Download
;;;
X2QFN;Plastic Flat Pack;14;Download
;;;
X2QFN;Plastic Small Outline;48;Download
;;;
X2QFN;Plastic Small Outline;48;Download
;;;
X2QFN;Plastic Flat Pack;8;Download
;;;
X2QFN;Plastic Small Outline;28;Download
;;;
X2QFN;Plastic Flat Pack;12;Download
;;;
X2QFN;Plastic Small Outline;40;Download
;;;
X2QFN;Plastic Flat Pack;14;Download
;;;
X2QFN;Plastic Flat Pack;12;Download
;;;
X2QFN;Plastic Flat Pack;10;Download
;;;
X2QFN;Plastic Flat Pack;8;Download
;;;
