HLQFP;Plastic Flat Pack;32;Download
;;;
HLQFP;Plastic Flat Pack;120;Download
;;;
HLQFP;Plastic Flat Pack;64;Download
;;;
HLQFP;Plastic Flat Pack;100;Download
;;;
HLQFP;Plastic Flat Pack;32;Download
;;;
HLQFP;Plastic Flat Pack;100;Download
;;;
HLQFP;Plastic Flat Pack;128;Download
;;;
HLQFP;Plastic Flat Pack;48;Download
;;;
HLQFP;Plastic Flat Pack;176;Download
;;;
HQFP;Plastic Flat Pack;120;Download
;;;
HTQFP;Plastic Flat Pack;80;Download
;;;
HTQFP;Plastic Flat Pack;100;Download
;;;
HTQFP;Plastic Flat Pack;64;Download
;;;
HTQFP;Plastic Flat Pack;100;Download
;;;
HTQFP;Plastic Flat Pack;100;Download
;;;
HTQFP;Plastic Flat Pack;44;Download
;;;
HTQFP;Plastic Flat Pack;64;Download
;;;
HTQFP;Plastic Flat Pack;64;Download
;;;
HTQFP;Plastic Flat Pack;64;Download
;;;
HTQFP;Plastic Flat Pack;44;Download
;;;
HTQFP;Plastic Flat Pack;144;Download
;;;
HTQFP;Plastic Flat Pack;120;Download
;;;
HTQFP;Plastic Flat Pack;64;Download
;;;
HTQFP;Plastic Flat Pack;80;Download
;;;
HTQFP;Plastic Flat Pack;128;Download
;;;
HTQFP;Plastic Flat Pack;120;Download
;;;
HTQFP;Plastic Flat Pack;100;Download
;;;
HTQFP;Plastic Flat Pack;48;Download
;;;
HTQFP;Plastic Flat Pack;48;Download
;;;
HTQFP;Plastic Flat Pack;64;Download
;;;
HTQFP;Plastic Flat Pack;64;Download
;;;
HTQFP;Plastic Flat Pack;52;Download
;;;
HTQFP;Plastic Flat Pack;128;Download
;;;
HTQFP;Plastic Flat Pack;52;Download
;;;
HVQFP;Plastic Flat Pack;64;Download
;;;
HVQFP;Plastic Flat Pack;64;Download
;;;
LQFP;Plastic Flat Pack;64;Download
;;;
LQFP;Plastic Flat Pack;100;Download
;;;
LQFP;Plastic Flat Pack;128;Download
;;;
LQFP;Plastic Flat Pack;32;Download
;;;
LQFP;Plastic Flat Pack;128;Download
;;;
LQFP;Plastic Flat Pack;64;Download
;;;
LQFP;Plastic Flat Pack;80;Download
;;;
LQFP;Plastic Flat Pack;32;Download
;;;
LQFP;Plastic Flat Pack;44;Download
;;;
LQFP;Plastic Flat Pack;176;Download
;;;
LQFP;Plastic Flat Pack;160;Download
;;;
LQFP;Plastic Flat Pack;48;Download
;;;
LQFP;Plastic Flat Pack;120;Download
;;;
LQFP;Plastic Flat Pack;80;Download
;;;
LQFP;Plastic Flat Pack;144;Download
;;;
LQFP;Plastic Flat Pack;144;Download
;;;
LQFP;Plastic Flat Pack;100;Download
;;;
QFP;Plastic Flat Pack;44;Download
;;;
QFP;Plastic Flat Pack;100;Download
;;;
QFP;Ceramic, Metal Flat Pack;100;Download
;;;
QFP;Plastic Flat Pack;64;Download
;;;
QFP;Plastic Flat Pack;64;Download
;;;
QFP;Plastic Flat Pack;80;Download
;;;
QFP;Plastic Flat Pack;64;Download
;;;
QFP;Plastic Flat Pack;64;Download
;;;
QFP;Plastic Flat Pack;80;Download
;;;
QFP;Plastic Flat Pack;240;Download
;;;
QFP;Plastic Flat Pack;160;Download
;;;
QFP;Plastic Flat Pack;64;Download
;;;
QFP;Plastic Flat Pack;52;Download
;;;
QFP;Plastic Flat Pack;52;Download
;;;
QFP;Plastic Flat Pack;160;Download
;;;
QFP;Plastic Flat Pack;48;Download
;;;
QFP;Plastic Flat Pack;100;Download
;;;
QFP;Plastic Flat Pack;80;Download
;;;
QFP;Plastic Flat Pack;128;Download
;;;
QFP;Plastic Flat Pack;100;Download
;;;
QFP;Plastic Flat Pack;128;Download
;;;
QFP;Plastic Flat Pack;100;Download
;;;
TQFP;Plastic Flat Pack;100;Download
;;;
TQFP;Plastic Flat Pack;120;Download
;;;
TQFP;Plastic Flat Pack;32;Download
;;;
TQFP;Plastic Flat Pack;80;Download
;;;
TQFP;Plastic Flat Pack;44;Download
;;;
TQFP;Plastic Flat Pack;48;Download
;;;
TQFP;Plastic Flat Pack;80;Download
;;;
TQFP;Plastic Flat Pack;32;Download
;;;
TQFP;Plastic Flat Pack;100;Download
;;;
TQFP;Plastic Flat Pack;52;Download
;;;
TQFP;Plastic Flat Pack;128;Download
;;;
TQFP;Plastic Flat Pack;64;Download
;;;
TQFP;Plastic Flat Pack;144;Download
;;;
TQFP;Plastic Flat Pack;64;Download
;;;
VQFP;Plastic Flat Pack;100;Download
;;;
VQFP;Plastic Flat Pack;64;Download
;;;
