LSON-CLIP;Plastic Small Outline;22;Download
;;;
SON;Plastic Small Outline;20;Download
;;;
USON;Plastic Small Outline;14;Download
;;;
USON;Plastic Small Outline;6;Download
;;;
USON;Plastic Small Outline;8;Download
;;;
USON;Plastic Small Outline;6;Download
;;;
USON;Plastic Small Outline;4;Download
;;;
USON;Plastic Small Outline;6;Download
;;;
USON;Plastic Small Outline;10;Download
;;;
USON;Plastic Small Outline;10;Download
;;;
USON;Plastic Small Outline;12;Download
;;;
USON;Plastic Small Outline;6;Download
;;;
USON;Plastic Small Outline;6;Download
;;;
USON;Plastic Small Outline;6;Download
;;;
VSON;Plastic Small Outline;14;Download
;;;
VSON;Plastic Small Outline;8;Download
;;;
VSON;Plastic Small Outline;14;Download
;;;
VSON;Plastic Small Outline;10;Download
;;;
VSON;Plastic Small Outline;10;Download
;;;
VSON;Plastic Small Outline;14;Download
;;;
VSON;Plastic Small Outline;12;Download
;;;
VSON;Plastic Small Outline;9;Download
;;;
VSON;Plastic Small Outline;10;Download
;;;
VSON;Plastic Small Outline;5;Download
;;;
VSON;Plastic Small Outline;6;Download
;;;
VSON;Plastic Small Outline;12;Download
;;;
VSON;Plastic Small Outline;6;Download
;;;
VSON;Plastic Small Outline;8;Download
;;;
VSON;Plastic Small Outline;6;Download
;;;
VSON;Plastic Flat Pack;7;Download
;;;
VSON;Plastic Small Outline;10;Download
;;;
VSON-CLIP;Plastic Small Outline;8;Download
;;;
VSON-CLIP;Plastic Small Outline;8;Download
;;;
WSON;Plastic Small Outline;8;Download
;;;
WSON;Plastic Small Outline;15;Download
;;;
WSON;Plastic Small Outline;8;Download
;;;
WSON;Plastic Small Outline;8;Download
;;;
WSON;Plastic Small Outline;6;Download
;;;
WSON;Plastic Small Outline;12;Download
;;;
WSON;Plastic Small Outline;12;Download
;;;
WSON;Plastic Small Outline;10;Download
;;;
WSON;Plastic Small Outline;16;Download
;;;
WSON;Plastic Small Outline;8;Download
;;;
WSON;Plastic Small Outline;8;Download
;;;
WSON;Plastic Small Outline;8;Download
;;;
WSON;Plastic Small Outline;8;Download
;;;
WSON;Plastic Small Outline;8;Download
;;;
WSON;Plastic Small Outline;10;Download
;;;
WSON;Plastic Small Outline;6;Download
;;;
WSON;Plastic Small Outline;6;Download
;;;
WSON;Plastic Small Outline;10;Download
;;;
WSON;Plastic Small Outline;8;Download
;;;
WSON;Plastic Small Outline;8;Download
;;;
WSON;Plastic Small Outline;8;Download
;;;
WSON;Plastic Small Outline;8;Download
;;;
WSON;Plastic Small Outline;16;Download
;;;
WSON;Plastic Small Outline;10;Download
;;;
WSON;Plastic Small Outline;8;Download
;;;
WSON;Plastic Small Outline;6;Download
;;;
WSON;Plastic Small Outline;8;Download
;;;
WSON;Plastic Small Outline;14;Download
;;;
WSON;Plastic Small Outline;16;Download
;;;
WSON;Plastic Small Outline;16;Download
;;;
WSON;Plastic Small Outline;12;Download
;;;
WSON;Plastic Small Outline;12;Download
;;;
WSON;Plastic Small Outline;10;Download
;;;
WSON;Plastic Small Outline;6;Download
;;;
WSON;Plastic Small Outline;8;Download
;;;
WSON;Plastic Small Outline;14;Download
;;;
WSON;Plastic Small Outline;14;Download
;;;
WSON;Plastic Small Outline;16;Download
;;;
WSON;Plastic Small Outline;8;Download
;;;
WSON;Plastic Small Outline;12;Download
;;;
WSON;Plastic Small Outline;10;Download
;;;
WSON;Plastic Small Outline;8;Download
;;;
WSON;Plastic Small Outline;10;Download
;;;
WSON;Plastic Small Outline;6;Download
;;;
WSON;Plastic Small Outline;8;Download
;;;
WSON;Plastic Small Outline;10;Download
;;;
WSON;Plastic Small Outline;8;Download
;;;
WSON;Plastic Small Outline;10;Download
;;;
WSON;Plastic Small Outline;6;Download
;;;
WSON;Plastic Small Outline;12;Download
;;;
WSON;Plastic Small Outline;12;Download
;;;
WSON;Plastic Small Outline;6;Download
;;;
WSON;Plastic Small Outline;6;Download
;;;
WSON;Plastic Small Outline;6;Download
;;;
WSON;Plastic Small Outline;8;Download
;;;
WSON;Plastic Small Outline;10;Download
;;;
WSON;Plastic Small Outline;14;Download
;;;
WSON;Plastic Small Outline;6;Download
;;;
WSON;Plastic Small Outline;8;Download
;;;
WSON;Plastic Small Outline;10;Download
;;;
WSON;Plastic Small Outline;14;Download
;;;
WSON;Plastic Small Outline;4;Download
;;;
X1SON;Plastic Small Outline;8;Download
;;;
X1SON;Plastic Small Outline;2;Download
;;;
X2SON;Plastic Small Outline;6;Download
;;;
X2SON;Plastic Small Outline;6;Download
;;;
X2SON;Plastic Small Outline;8;Download
;;;
X2SON;Plastic Small Outline;2;Download
;;;
X2SON;Plastic Small Outline;8;Download
;;;
X2SON;Plastic Small Outline;8;Download
;;;
X2SON;Plastic Small Outline;6;Download
;;;
X2SON;Plastic Small Outline;4;Download
;;;
X2SON;Plastic Small Outline;4;Download
;;;
