TO;Metal Flange Mount;11;Download
;;;
TO;Metal Flange Mount;11;Download
;;;
TO-220;Metal Flange Mount;3;Download
;;;
TO-220;Plastic Flange Mount;5;Download
;;;
TO-220;Plastic Flange Mount;3;Download
;;;
TO-220;Plastic Flange Mount;15;Download
;;;
TO-220;Plastic Flange Mount;3;Download
;;;
TO-220;Plastic Flange Mount;3;Download
;;;
TO-220;Plastic Flange Mount;5;Download
;;;
TO-220;Metal Flange Mount;3;Download
;;;
TO-220;Metal Flange Mount;5;Download
;;;
TO-220;Plastic Flange Mount;3;Download
;;;
TO-220;Metal Flange Mount;11;Download
;;;
TO-220;Plastic Flange Mount;5;Download
;;;
TO-220;Metal Flange Mount;7;Download
;;;
TO-220;Metal Flange Mount;3;Download
;;;
TO-220;Plastic Flange Mount;5;Download
;;;
TO-220;Metal Flange Mount;11;Download
;;;
TO-220;Metal Flange Mount;15;Download
;;;
TO-220;Plastic Flange Mount;7;Download
;;;
TO-220;Plastic Flange Mount;11;Download
;;;
TO-220;Metal Flange Mount;15;Download
;;;
TO-220;Plastic Flange Mount;7;Download
;;;
TO-220;Plastic Flange Mount;7;Download
;;;
TO-220;Plastic Flange Mount;3;Download
;;;
TO-220;Plastic Flange Mount;3;Download
;;;
TO-220;Plastic Flange Mount;5;Download
;;;
TO-220;Metal Flange Mount;3;Download
;;;
TO-252;Plastic Flange Mount;5;Download
;;;
TO-252;Plastic Flange Mount;3;Download
;;;
TO-252;Metal Flange Mount;3;Download
;;;
TO-263;Plastic Flange Mount;5;Download
;;;
TO-263;Plastic Flange Mount;3;Download
;;;
TO-263;Metal Flange Mount;7;Download
;;;
TO-263;Plastic Flange Mount;7;Download
;;;
TO-263;Plastic Flange Mount;7;Download
;;;
TO-263;Metal Flange Mount;5;Download
;;;
TO-263;Plastic Flange Mount;9;Download
;;;
TO-92;Plastic Cylinder or Can;3;Download
;;;
TO-92;Plastic Cylinder or Can;2;Download
;;;
TO-92;Plastic Cylinder or Can;3;Download
;;;
TO-92;Plastic Cylinder or Can;2;Download
;;;
TO-CAN;Metal Cylinder or Can;8;Download
;;;
TO-CAN;Plastic Flange Mount;2;Download
;;;
TO-CAN;Metal Flange Mount;4;Download
;;;
TO-CAN;Metal Flange Mount;4;Download
;;;
TO-CAN;Metal Cylinder or Can;8;Download
;;;
TO-CAN;Metal Cylinder or Can;10;Download
;;;
TO-CAN;Metal Flange Mount;3;Download
;;;
TO-CAN;Metal Flange Mount;4;Download
;;;
TO-CAN;Metal Flange Mount;2;Download
;;;
TO-CAN;Metal Flange Mount;3;Download
;;;
TO-CAN;Metal Cylinder or Can;8;Download
;;;
TO-CAN;Metal Flange Mount;2;Download
;;;
TO-CAN;Metal Flange Mount;2;Download
;;;
TO-OTHER;Plastic Flange Mount;15;Download
;;;
TO-OTHER;Metal Flange Mount;27;Download
;;;
TO-OTHER;Metal Flange Mount;15;Download
;;;
TO-OTHER;Plastic Flange Mount;11;Download
;;;
TO-OTHER;Metal Flange Mount;19;Download
;;;
TO-PMOD;Metal Flange Mount;7;Download
;;;
TO-PMOD;Plastic Flange Mount;3;Download
;;;
TO-PMOD;Metal Flange Mount;11;Download
;;;
TO-PMOD;Plastic Flange Mount;15;Download
;;;
TO-PMOD;Plastic Flange Mount;9;Download
;;;
